Column,Value,Count
Unnamed: 0,2,1
Unnamed: 0,1420,1
Unnamed: 0,1432,1
Unnamed: 0,1431,1
Unnamed: 0,1428,1
Unnamed: 0,1425,1
Unnamed: 0,1424,1
Unnamed: 0,1423,1
Unnamed: 0,1421,1
Unnamed: 0,1417,1
Unnamed: 0,1402,1
Unnamed: 0,1416,1
Unnamed: 0,1415,1
Unnamed: 0,1414,1
Unnamed: 0,1411,1
Unnamed: 0,1408,1
Unnamed: 0,1406,1
Unnamed: 0,1405,1
Unnamed: 0,1435,1
Unnamed: 0,1436,1
Unnamed: 0,1437,1
Unnamed: 0,1440,1
Unnamed: 0,1471,1
Unnamed: 0,1470,1
Unnamed: 0,1467,1
Unnamed: 0,1466,1
Unnamed: 0,1460,1
Unnamed: 0,1459,1
Unnamed: 0,1458,1
Unnamed: 0,1457,1
Unnamed: 0,1455,1
Unnamed: 0,1453,1
Unnamed: 0,1449,1
Unnamed: 0,1448,1
Unnamed: 0,1444,1
Unnamed: 0,1442,1
Unnamed: 0,1441,1
Unnamed: 0,1403,1
Unnamed: 0,1399,1
Unnamed: 0,1620,1
Unnamed: 0,1355,1
Unnamed: 0,1364,1
Unnamed: 0,1363,1
Unnamed: 0,1362,1
Unnamed: 0,1361,1
Unnamed: 0,1360,1
Unnamed: 0,1357,1
Unnamed: 0,1356,1
Unnamed: 0,1353,1
Unnamed: 0,1397,1
Unnamed: 0,1351,1
Unnamed: 0,1348,1
Unnamed: 0,1346,1
Unnamed: 0,1344,1
Unnamed: 0,1343,1
Unnamed: 0,1341,1
Unnamed: 0,1340,1
Unnamed: 0,1367,1
Unnamed: 0,1370,1
Unnamed: 0,1372,1
Unnamed: 0,1373,1
Unnamed: 0,1396,1
Unnamed: 0,1395,1
Unnamed: 0,1394,1
Unnamed: 0,1393,1
Unnamed: 0,1392,1
Unnamed: 0,1391,1
Unnamed: 0,1388,1
Unnamed: 0,1387,1
Unnamed: 0,1385,1
Unnamed: 0,1383,1
Unnamed: 0,1382,1
Unnamed: 0,1380,1
Unnamed: 0,1379,1
Unnamed: 0,1376,1
Unnamed: 0,1375,1
Unnamed: 0,1472,1
Unnamed: 0,1473,1
Unnamed: 0,1474,1
Unnamed: 0,1562,1
Unnamed: 0,1573,1
Unnamed: 0,1572,1
Unnamed: 0,1571,1
Unnamed: 0,1568,1
Unnamed: 0,1567,1
Unnamed: 0,1564,1
Unnamed: 0,1563,1
Unnamed: 0,1561,1
Unnamed: 0,1475,1
Unnamed: 0,1560,1
Unnamed: 0,1556,1
Unnamed: 0,1555,1
Unnamed: 0,1554,1
Unnamed: 0,1553,1
Unnamed: 0,1548,1
Unnamed: 0,1547,1
Unnamed: 0,1574,1
Unnamed: 0,1575,1
Unnamed: 0,1576,1
Unnamed: 0,1579,1
Unnamed: 0,1618,1
Unnamed: 0,1617,1
Unnamed: 0,1612,1
Unnamed: 0,1611,1
Unnamed: 0,1610,1
Unnamed: 0,1609,1
Unnamed: 0,1600,1
Unnamed: 0,1596,1
Unnamed: 0,1595,1
Unnamed: 0,1592,1
Unnamed: 0,1590,1
Unnamed: 0,1588,1
Unnamed: 0,1586,1
Unnamed: 0,1585,1
Unnamed: 0,1582,1
Unnamed: 0,1545,1
Unnamed: 0,1543,1
Unnamed: 0,1539,1
Unnamed: 0,1495,1
Unnamed: 0,1492,1
Unnamed: 0,1491,1
Unnamed: 0,1490,1
Unnamed: 0,1489,1
Unnamed: 0,1488,1
Unnamed: 0,1487,1
Unnamed: 0,1486,1
Unnamed: 0,1485,1
Unnamed: 0,1484,1
Unnamed: 0,1483,1
Unnamed: 0,1482,1
Unnamed: 0,1480,1
Unnamed: 0,1479,1
Unnamed: 0,1478,1
Unnamed: 0,1476,1
Unnamed: 0,1494,1
Unnamed: 0,1497,1
Unnamed: 0,1538,1
Unnamed: 0,1500,1
Unnamed: 0,1536,1
Unnamed: 0,1534,1
Unnamed: 0,1533,1
Unnamed: 0,1530,1
Unnamed: 0,1525,1
Unnamed: 0,1524,1
Unnamed: 0,1523,1
Unnamed: 0,1521,1
Unnamed: 0,1519,1
Unnamed: 0,1514,1
Unnamed: 0,1513,1
Unnamed: 0,1512,1
Unnamed: 0,1510,1
Unnamed: 0,1507,1
Unnamed: 0,1501,1
Unnamed: 0,1338,1
Unnamed: 0,1337,1
Unnamed: 0,1336,1
Unnamed: 0,1173,1
Unnamed: 0,1182,1
Unnamed: 0,1181,1
Unnamed: 0,1180,1
Unnamed: 0,1178,1
Unnamed: 0,1177,1
Unnamed: 0,1175,1
Unnamed: 0,1174,1
Unnamed: 0,1172,1
Unnamed: 0,1224,1
Unnamed: 0,1171,1
Unnamed: 0,1165,1
Unnamed: 0,1164,1
Unnamed: 0,1160,1
Unnamed: 0,1158,1
Unnamed: 0,1157,1
Unnamed: 0,1155,1
Unnamed: 0,1183,1
Unnamed: 0,1184,1
Unnamed: 0,1189,1
Unnamed: 0,1194,1
Unnamed: 0,1221,1
Unnamed: 0,1220,1
Unnamed: 0,1219,1
Unnamed: 0,1218,1
Unnamed: 0,1217,1
Unnamed: 0,1216,1
Unnamed: 0,1215,1
Unnamed: 0,1214,1
Unnamed: 0,1208,1
Unnamed: 0,1207,1
Unnamed: 0,1206,1
Unnamed: 0,1202,1
Unnamed: 0,1200,1
Unnamed: 0,1199,1
Unnamed: 0,1195,1
Unnamed: 0,1154,1
Unnamed: 0,1152,1
Unnamed: 0,1151,1
Unnamed: 0,1121,1
Unnamed: 0,1112,1
Unnamed: 0,1111,1
Unnamed: 0,1110,1
Unnamed: 0,1105,1
Unnamed: 0,1104,1
Unnamed: 0,1103,1
Unnamed: 0,1102,1
Unnamed: 0,1101,1
Unnamed: 0,1099,1
Unnamed: 0,1098,1
Unnamed: 0,1096,1
Unnamed: 0,1094,1
Unnamed: 0,1093,1
Unnamed: 0,1092,1
Unnamed: 0,1091,1
Unnamed: 0,1115,1
Unnamed: 0,1122,1
Unnamed: 0,1150,1
Unnamed: 0,1123,1
Unnamed: 0,1149,1
Unnamed: 0,1148,1
Unnamed: 0,1147,1
Unnamed: 0,1146,1
Unnamed: 0,1145,1
Unnamed: 0,1142,1
Unnamed: 0,1138,1
Unnamed: 0,1136,1
Unnamed: 0,1135,1
Unnamed: 0,1134,1
Unnamed: 0,1132,1
Unnamed: 0,1131,1
Unnamed: 0,1130,1
Unnamed: 0,1127,1
Unnamed: 0,1125,1
Unnamed: 0,1223,1
Unnamed: 0,1225,1
Unnamed: 0,1334,1
Unnamed: 0,1296,1
Unnamed: 0,1304,1
Unnamed: 0,1303,1
Unnamed: 0,1302,1
Unnamed: 0,1301,1
Unnamed: 0,1300,1
Unnamed: 0,1299,1
Unnamed: 0,1298,1
Unnamed: 0,1295,1
Unnamed: 0,1226,1
Unnamed: 0,1294,1
Unnamed: 0,1293,1
Unnamed: 0,1291,1
Unnamed: 0,1290,1
Unnamed: 0,1288,1
Unnamed: 0,1287,1
Unnamed: 0,1286,1
Unnamed: 0,1307,1
Unnamed: 0,1308,1
Unnamed: 0,1309,1
Unnamed: 0,1310,1
Unnamed: 0,1333,1
Unnamed: 0,1330,1
Unnamed: 0,1329,1
Unnamed: 0,1328,1
Unnamed: 0,1327,1
Unnamed: 0,1326,1
Unnamed: 0,1325,1
Unnamed: 0,1324,1
Unnamed: 0,1323,1
Unnamed: 0,1319,1
Unnamed: 0,1318,1
Unnamed: 0,1317,1
Unnamed: 0,1315,1
Unnamed: 0,1313,1
Unnamed: 0,1311,1
Unnamed: 0,1285,1
Unnamed: 0,1284,1
Unnamed: 0,1283,1
Unnamed: 0,1253,1
Unnamed: 0,1251,1
Unnamed: 0,1250,1
Unnamed: 0,1249,1
Unnamed: 0,1248,1
Unnamed: 0,1245,1
Unnamed: 0,1241,1
Unnamed: 0,1238,1
Unnamed: 0,1236,1
Unnamed: 0,1235,1
Unnamed: 0,1233,1
Unnamed: 0,1232,1
Unnamed: 0,1230,1
Unnamed: 0,1229,1
Unnamed: 0,1228,1
Unnamed: 0,1227,1
Unnamed: 0,1252,1
Unnamed: 0,1254,1
Unnamed: 0,1282,1
Unnamed: 0,1255,1
Unnamed: 0,1280,1
Unnamed: 0,1278,1
Unnamed: 0,1277,1
Unnamed: 0,1273,1
Unnamed: 0,1272,1
Unnamed: 0,1270,1
Unnamed: 0,1269,1
Unnamed: 0,1266,1
Unnamed: 0,1264,1
Unnamed: 0,1263,1
Unnamed: 0,1262,1
Unnamed: 0,1261,1
Unnamed: 0,1259,1
Unnamed: 0,1258,1
Unnamed: 0,1257,1
Unnamed: 0,1619,1
Unnamed: 0,1621,1
Unnamed: 0,1084,1
Unnamed: 0,2001,1
Unnamed: 0,2008,1
Unnamed: 0,2007,1
Unnamed: 0,2006,1
Unnamed: 0,2005,1
Unnamed: 0,2004,1
Unnamed: 0,2003,1
Unnamed: 0,2002,1
Unnamed: 0,2000,1
Unnamed: 0,1990,1
Unnamed: 0,1999,1
Unnamed: 0,1998,1
Unnamed: 0,1996,1
Unnamed: 0,1995,1
Unnamed: 0,1994,1
Unnamed: 0,1993,1
Unnamed: 0,1992,1
Unnamed: 0,2009,1
Unnamed: 0,2010,1
Unnamed: 0,2012,1
Unnamed: 0,2015,1
Unnamed: 0,2040,1
Unnamed: 0,2038,1
Unnamed: 0,2035,1
Unnamed: 0,2034,1
Unnamed: 0,2033,1
Unnamed: 0,2032,1
Unnamed: 0,2031,1
Unnamed: 0,2030,1
Unnamed: 0,2028,1
Unnamed: 0,2026,1
Unnamed: 0,2024,1
Unnamed: 0,2023,1
Unnamed: 0,2022,1
Unnamed: 0,2019,1
Unnamed: 0,2018,1
Unnamed: 0,1991,1
Unnamed: 0,1989,1
Unnamed: 0,1622,1
Unnamed: 0,1946,1
Unnamed: 0,1957,1
Unnamed: 0,1956,1
Unnamed: 0,1953,1
Unnamed: 0,1952,1
Unnamed: 0,1951,1
Unnamed: 0,1948,1
Unnamed: 0,1947,1
Unnamed: 0,1945,1
Unnamed: 0,1988,1
Unnamed: 0,1944,1
Unnamed: 0,1943,1
Unnamed: 0,1940,1
Unnamed: 0,1939,1
Unnamed: 0,1938,1
Unnamed: 0,1936,1
Unnamed: 0,1934,1
Unnamed: 0,1958,1
Unnamed: 0,1962,1
Unnamed: 0,1963,1
Unnamed: 0,1964,1
Unnamed: 0,1987,1
Unnamed: 0,1986,1
Unnamed: 0,1985,1
Unnamed: 0,1984,1
Unnamed: 0,1983,1
Unnamed: 0,1981,1
Unnamed: 0,1980,1
Unnamed: 0,1976,1
Unnamed: 0,1975,1
Unnamed: 0,1972,1
Unnamed: 0,1971,1
Unnamed: 0,1970,1
Unnamed: 0,1969,1
Unnamed: 0,1966,1
Unnamed: 0,1965,1
Unnamed: 0,2041,1
Unnamed: 0,2042,1
Unnamed: 0,2043,1
Unnamed: 0,2115,1
Unnamed: 0,2124,1
Unnamed: 0,2123,1
Unnamed: 0,2121,1
Unnamed: 0,2120,1
Unnamed: 0,2118,1
Unnamed: 0,2117,1
Unnamed: 0,2116,1
Unnamed: 0,2113,1
Unnamed: 0,2046,1
Unnamed: 0,2112,1
Unnamed: 0,2109,1
Unnamed: 0,2108,1
Unnamed: 0,2105,1
Unnamed: 0,2104,1
Unnamed: 0,2103,1
Unnamed: 0,2102,1
Unnamed: 0,2125,1
Unnamed: 0,2126,1
Unnamed: 0,2127,1
Unnamed: 0,2129,1
Unnamed: 0,2157,1
Unnamed: 0,2156,1
Unnamed: 0,2152,1
Unnamed: 0,2149,1
Unnamed: 0,2148,1
Unnamed: 0,2144,1
Unnamed: 0,2142,1
Unnamed: 0,2141,1
Unnamed: 0,2140,1
Unnamed: 0,2139,1
Unnamed: 0,2137,1
Unnamed: 0,2136,1
Unnamed: 0,2135,1
Unnamed: 0,2131,1
Unnamed: 0,2130,1
Unnamed: 0,2101,1
Unnamed: 0,2100,1
Unnamed: 0,2099,1
Unnamed: 0,2067,1
Unnamed: 0,2065,1
Unnamed: 0,2063,1
Unnamed: 0,2062,1
Unnamed: 0,2061,1
Unnamed: 0,2060,1
Unnamed: 0,2058,1
Unnamed: 0,2057,1
Unnamed: 0,2056,1
Unnamed: 0,2055,1
Unnamed: 0,2054,1
Unnamed: 0,2052,1
Unnamed: 0,2051,1
Unnamed: 0,2050,1
Unnamed: 0,2049,1
Unnamed: 0,2047,1
Unnamed: 0,2066,1
Unnamed: 0,2071,1
Unnamed: 0,2098,1
Unnamed: 0,2073,1
Unnamed: 0,2097,1
Unnamed: 0,2096,1
Unnamed: 0,2093,1
Unnamed: 0,2091,1
Unnamed: 0,2085,1
Unnamed: 0,2084,1
Unnamed: 0,2083,1
Unnamed: 0,2082,1
Unnamed: 0,2081,1
Unnamed: 0,2080,1
Unnamed: 0,2078,1
Unnamed: 0,2077,1
Unnamed: 0,2076,1
Unnamed: 0,2075,1
Unnamed: 0,2074,1
Unnamed: 0,1932,1
Unnamed: 0,1930,1
Unnamed: 0,1929,1
Unnamed: 0,1705,1
Unnamed: 0,1721,1
Unnamed: 0,1720,1
Unnamed: 0,1719,1
Unnamed: 0,1714,1
Unnamed: 0,1712,1
Unnamed: 0,1707,1
Unnamed: 0,1706,1
Unnamed: 0,1702,1
Unnamed: 0,1767,1
Unnamed: 0,1701,1
Unnamed: 0,1699,1
Unnamed: 0,1698,1
Unnamed: 0,1696,1
Unnamed: 0,1695,1
Unnamed: 0,1694,1
Unnamed: 0,1692,1
Unnamed: 0,1723,1
Unnamed: 0,1724,1
Unnamed: 0,1725,1
Unnamed: 0,1726,1
Unnamed: 0,1761,1
Unnamed: 0,1760,1
Unnamed: 0,1759,1
Unnamed: 0,1758,1
Unnamed: 0,1757,1
Unnamed: 0,1754,1
Unnamed: 0,1753,1
Unnamed: 0,1752,1
Unnamed: 0,1751,1
Unnamed: 0,1750,1
Unnamed: 0,1748,1
Unnamed: 0,1745,1
Unnamed: 0,1740,1
Unnamed: 0,1728,1
Unnamed: 0,1727,1
Unnamed: 0,1691,1
Unnamed: 0,1682,1
Unnamed: 0,1681,1
Unnamed: 0,1656,1
Unnamed: 0,1654,1
Unnamed: 0,1653,1
Unnamed: 0,1652,1
Unnamed: 0,1650,1
Unnamed: 0,1646,1
Unnamed: 0,1644,1
Unnamed: 0,1643,1
Unnamed: 0,1638,1
Unnamed: 0,1637,1
Unnamed: 0,1635,1
Unnamed: 0,1633,1
Unnamed: 0,1632,1
Unnamed: 0,1630,1
Unnamed: 0,1628,1
Unnamed: 0,1625,1
Unnamed: 0,1655,1
Unnamed: 0,1657,1
Unnamed: 0,1680,1
Unnamed: 0,1658,1
Unnamed: 0,1678,1
Unnamed: 0,1677,1
Unnamed: 0,1676,1
Unnamed: 0,1675,1
Unnamed: 0,1674,1
Unnamed: 0,1673,1
Unnamed: 0,1672,1
Unnamed: 0,1670,1
Unnamed: 0,1667,1
Unnamed: 0,1666,1
Unnamed: 0,1665,1
Unnamed: 0,1664,1
Unnamed: 0,1663,1
Unnamed: 0,1662,1
Unnamed: 0,1659,1
Unnamed: 0,1764,1
Unnamed: 0,1770,1
Unnamed: 0,1925,1
Unnamed: 0,1878,1
Unnamed: 0,1896,1
Unnamed: 0,1895,1
Unnamed: 0,1894,1
Unnamed: 0,1891,1
Unnamed: 0,1889,1
Unnamed: 0,1888,1
Unnamed: 0,1884,1
Unnamed: 0,1877,1
Unnamed: 0,1771,1
Unnamed: 0,1874,1
Unnamed: 0,1873,1
Unnamed: 0,1872,1
Unnamed: 0,1871,1
Unnamed: 0,1864,1
Unnamed: 0,1861,1
Unnamed: 0,1858,1
Unnamed: 0,1897,1
Unnamed: 0,1899,1
Unnamed: 0,1902,1
Unnamed: 0,1903,1
Unnamed: 0,1924,1
Unnamed: 0,1923,1
Unnamed: 0,1922,1
Unnamed: 0,1921,1
Unnamed: 0,1918,1
Unnamed: 0,1915,1
Unnamed: 0,1914,1
Unnamed: 0,1913,1
Unnamed: 0,1911,1
Unnamed: 0,1909,1
Unnamed: 0,1908,1
Unnamed: 0,1907,1
Unnamed: 0,1906,1
Unnamed: 0,1905,1
Unnamed: 0,1904,1
Unnamed: 0,1857,1
Unnamed: 0,1856,1
Unnamed: 0,1855,1
Unnamed: 0,1822,1
Unnamed: 0,1819,1
Unnamed: 0,1811,1
Unnamed: 0,1805,1
Unnamed: 0,1804,1
Unnamed: 0,1803,1
Unnamed: 0,1800,1
Unnamed: 0,1796,1
Unnamed: 0,1793,1
Unnamed: 0,1792,1
Unnamed: 0,1789,1
Unnamed: 0,1788,1
Unnamed: 0,1777,1
Unnamed: 0,1775,1
Unnamed: 0,1774,1
Unnamed: 0,1772,1
Unnamed: 0,1820,1
Unnamed: 0,1823,1
Unnamed: 0,1854,1
Unnamed: 0,1824,1
Unnamed: 0,1851,1
Unnamed: 0,1850,1
Unnamed: 0,1849,1
Unnamed: 0,1847,1
Unnamed: 0,1841,1
Unnamed: 0,1839,1
Unnamed: 0,1838,1
Unnamed: 0,1837,1
Unnamed: 0,1832,1
Unnamed: 0,1831,1
Unnamed: 0,1830,1
Unnamed: 0,1828,1
Unnamed: 0,1827,1
Unnamed: 0,1826,1
Unnamed: 0,1825,1
Unnamed: 0,1090,1
Unnamed: 0,1079,1
Unnamed: 0,3,1
Unnamed: 0,376,1
Unnamed: 0,383,1
Unnamed: 0,382,1
Unnamed: 0,381,1
Unnamed: 0,380,1
Unnamed: 0,379,1
Unnamed: 0,378,1
Unnamed: 0,377,1
Unnamed: 0,375,1
Unnamed: 0,357,1
Unnamed: 0,373,1
Unnamed: 0,372,1
Unnamed: 0,371,1
Unnamed: 0,370,1
Unnamed: 0,369,1
Unnamed: 0,367,1
Unnamed: 0,366,1
Unnamed: 0,384,1
Unnamed: 0,385,1
Unnamed: 0,386,1
Unnamed: 0,387,1
Unnamed: 0,414,1
Unnamed: 0,413,1
Unnamed: 0,411,1
Unnamed: 0,409,1
Unnamed: 0,408,1
Unnamed: 0,401,1
Unnamed: 0,400,1
Unnamed: 0,396,1
Unnamed: 0,395,1
Unnamed: 0,394,1
Unnamed: 0,393,1
Unnamed: 0,392,1
Unnamed: 0,391,1
Unnamed: 0,389,1
Unnamed: 0,388,1
Unnamed: 0,358,1
Unnamed: 0,356,1
Unnamed: 0,559,1
Unnamed: 0,292,1
Unnamed: 0,305,1
Unnamed: 0,304,1
Unnamed: 0,301,1
Unnamed: 0,299,1
Unnamed: 0,298,1
Unnamed: 0,297,1
Unnamed: 0,295,1
Unnamed: 0,291,1
Unnamed: 0,354,1
Unnamed: 0,290,1
Unnamed: 0,288,1
Unnamed: 0,279,1
Unnamed: 0,278,1
Unnamed: 0,277,1
Unnamed: 0,272,1
Unnamed: 0,271,1
Unnamed: 0,306,1
Unnamed: 0,310,1
Unnamed: 0,314,1
Unnamed: 0,315,1
Unnamed: 0,353,1
Unnamed: 0,352,1
Unnamed: 0,348,1
Unnamed: 0,343,1
Unnamed: 0,340,1
Unnamed: 0,337,1
Unnamed: 0,333,1
Unnamed: 0,332,1
Unnamed: 0,331,1
Unnamed: 0,329,1
Unnamed: 0,328,1
Unnamed: 0,327,1
Unnamed: 0,324,1
Unnamed: 0,323,1
Unnamed: 0,317,1
Unnamed: 0,415,1
Unnamed: 0,416,1
Unnamed: 0,417,1
Unnamed: 0,513,1
Unnamed: 0,527,1
Unnamed: 0,526,1
Unnamed: 0,524,1
Unnamed: 0,521,1
Unnamed: 0,518,1
Unnamed: 0,517,1
Unnamed: 0,514,1
Unnamed: 0,512,1
Unnamed: 0,421,1
Unnamed: 0,510,1
Unnamed: 0,509,1
Unnamed: 0,508,1
Unnamed: 0,506,1
Unnamed: 0,504,1
Unnamed: 0,503,1
Unnamed: 0,499,1
Unnamed: 0,528,1
Unnamed: 0,530,1
Unnamed: 0,531,1
Unnamed: 0,532,1
Unnamed: 0,556,1
Unnamed: 0,555,1
Unnamed: 0,554,1
Unnamed: 0,553,1
Unnamed: 0,552,1
Unnamed: 0,547,1
Unnamed: 0,546,1
Unnamed: 0,545,1
Unnamed: 0,543,1
Unnamed: 0,542,1
Unnamed: 0,541,1
Unnamed: 0,540,1
Unnamed: 0,539,1
Unnamed: 0,538,1
Unnamed: 0,537,1
Unnamed: 0,497,1
Unnamed: 0,496,1
Unnamed: 0,494,1
Unnamed: 0,459,1
Unnamed: 0,455,1
Unnamed: 0,453,1
Unnamed: 0,451,1
Unnamed: 0,450,1
Unnamed: 0,449,1
Unnamed: 0,448,1
Unnamed: 0,437,1
Unnamed: 0,434,1
Unnamed: 0,433,1
Unnamed: 0,430,1
Unnamed: 0,427,1
Unnamed: 0,426,1
Unnamed: 0,425,1
Unnamed: 0,424,1
Unnamed: 0,423,1
Unnamed: 0,458,1
Unnamed: 0,463,1
Unnamed: 0,490,1
Unnamed: 0,466,1
Unnamed: 0,489,1
Unnamed: 0,487,1
Unnamed: 0,486,1
Unnamed: 0,485,1
Unnamed: 0,482,1
Unnamed: 0,480,1
Unnamed: 0,478,1
Unnamed: 0,477,1
Unnamed: 0,476,1
Unnamed: 0,474,1
Unnamed: 0,473,1
Unnamed: 0,472,1
Unnamed: 0,471,1
Unnamed: 0,468,1
Unnamed: 0,467,1
Unnamed: 0,269,1
Unnamed: 0,268,1
Unnamed: 0,267,1
Unnamed: 0,86,1
Unnamed: 0,94,1
Unnamed: 0,92,1
Unnamed: 0,91,1
Unnamed: 0,90,1
Unnamed: 0,89,1
Unnamed: 0,88,1
Unnamed: 0,87,1
Unnamed: 0,85,1
Unnamed: 0,131,1
Unnamed: 0,84,1
Unnamed: 0,83,1
Unnamed: 0,82,1
Unnamed: 0,81,1
Unnamed: 0,80,1
Unnamed: 0,77,1
Unnamed: 0,76,1
Unnamed: 0,95,1
Unnamed: 0,98,1
Unnamed: 0,99,1
Unnamed: 0,100,1
Unnamed: 0,128,1
Unnamed: 0,127,1
Unnamed: 0,126,1
Unnamed: 0,122,1
Unnamed: 0,121,1
Unnamed: 0,120,1
Unnamed: 0,119,1
Unnamed: 0,117,1
Unnamed: 0,112,1
Unnamed: 0,108,1
Unnamed: 0,106,1
Unnamed: 0,105,1
Unnamed: 0,104,1
Unnamed: 0,102,1
Unnamed: 0,101,1
Unnamed: 0,75,1
Unnamed: 0,74,1
Unnamed: 0,72,1
Unnamed: 0,39,1
Unnamed: 0,32,1
Unnamed: 0,30,1
Unnamed: 0,29,1
Unnamed: 0,27,1
Unnamed: 0,26,1
Unnamed: 0,25,1
Unnamed: 0,23,1
Unnamed: 0,22,1
Unnamed: 0,21,1
Unnamed: 0,14,1
Unnamed: 0,13,1
Unnamed: 0,11,1
Unnamed: 0,8,1
Unnamed: 0,7,1
Unnamed: 0,4,1
Unnamed: 0,36,1
Unnamed: 0,40,1
Unnamed: 0,67,1
Unnamed: 0,42,1
Unnamed: 0,66,1
Unnamed: 0,65,1
Unnamed: 0,64,1
Unnamed: 0,59,1
Unnamed: 0,58,1
Unnamed: 0,57,1
Unnamed: 0,54,1
Unnamed: 0,53,1
Unnamed: 0,52,1
Unnamed: 0,51,1
Unnamed: 0,49,1
Unnamed: 0,48,1
Unnamed: 0,45,1
Unnamed: 0,44,1
Unnamed: 0,43,1
Unnamed: 0,130,1
Unnamed: 0,132,1
Unnamed: 0,265,1
Unnamed: 0,216,1
Unnamed: 0,234,1
Unnamed: 0,227,1
Unnamed: 0,226,1
Unnamed: 0,222,1
Unnamed: 0,221,1
Unnamed: 0,218,1
Unnamed: 0,217,1
Unnamed: 0,215,1
Unnamed: 0,133,1
Unnamed: 0,213,1
Unnamed: 0,207,1
Unnamed: 0,206,1
Unnamed: 0,202,1
Unnamed: 0,201,1
Unnamed: 0,200,1
Unnamed: 0,198,1
Unnamed: 0,238,1
Unnamed: 0,239,1
Unnamed: 0,241,1
Unnamed: 0,242,1
Unnamed: 0,264,1
Unnamed: 0,262,1
Unnamed: 0,261,1
Unnamed: 0,260,1
Unnamed: 0,259,1
Unnamed: 0,258,1
Unnamed: 0,255,1
Unnamed: 0,254,1
Unnamed: 0,253,1
Unnamed: 0,250,1
Unnamed: 0,249,1
Unnamed: 0,247,1
Unnamed: 0,246,1
Unnamed: 0,245,1
Unnamed: 0,243,1
Unnamed: 0,197,1
Unnamed: 0,196,1
Unnamed: 0,193,1
Unnamed: 0,165,1
Unnamed: 0,158,1
Unnamed: 0,157,1
Unnamed: 0,155,1
Unnamed: 0,154,1
Unnamed: 0,153,1
Unnamed: 0,151,1
Unnamed: 0,149,1
Unnamed: 0,144,1
Unnamed: 0,143,1
Unnamed: 0,142,1
Unnamed: 0,141,1
Unnamed: 0,138,1
Unnamed: 0,136,1
Unnamed: 0,135,1
Unnamed: 0,134,1
Unnamed: 0,160,1
Unnamed: 0,167,1
Unnamed: 0,192,1
Unnamed: 0,168,1
Unnamed: 0,189,1
Unnamed: 0,188,1
Unnamed: 0,187,1
Unnamed: 0,186,1
Unnamed: 0,185,1
Unnamed: 0,184,1
Unnamed: 0,180,1
Unnamed: 0,177,1
Unnamed: 0,176,1
Unnamed: 0,175,1
Unnamed: 0,174,1
Unnamed: 0,172,1
Unnamed: 0,171,1
Unnamed: 0,170,1
Unnamed: 0,169,1
Unnamed: 0,557,1
Unnamed: 0,560,1
Unnamed: 0,1077,1
Unnamed: 0,907,1
Unnamed: 0,917,1
Unnamed: 0,914,1
Unnamed: 0,913,1
Unnamed: 0,911,1
Unnamed: 0,910,1
Unnamed: 0,909,1
Unnamed: 0,908,1
Unnamed: 0,906,1
Unnamed: 0,892,1
Unnamed: 0,905,1
Unnamed: 0,904,1
Unnamed: 0,903,1
Unnamed: 0,902,1
Unnamed: 0,901,1
Unnamed: 0,900,1
Unnamed: 0,894,1
Unnamed: 0,918,1
Unnamed: 0,919,1
Unnamed: 0,921,1
Unnamed: 0,922,1
Unnamed: 0,940,1
Unnamed: 0,939,1
Unnamed: 0,937,1
Unnamed: 0,935,1
Unnamed: 0,934,1
Unnamed: 0,933,1
Unnamed: 0,932,1
Unnamed: 0,931,1
Unnamed: 0,930,1
Unnamed: 0,929,1
Unnamed: 0,927,1
Unnamed: 0,926,1
Unnamed: 0,925,1
Unnamed: 0,924,1
Unnamed: 0,923,1
Unnamed: 0,893,1
Unnamed: 0,886,1
Unnamed: 0,562,1
Unnamed: 0,843,1
Unnamed: 0,857,1
Unnamed: 0,856,1
Unnamed: 0,854,1
Unnamed: 0,853,1
Unnamed: 0,851,1
Unnamed: 0,845,1
Unnamed: 0,844,1
Unnamed: 0,840,1
Unnamed: 0,882,1
Unnamed: 0,835,1
Unnamed: 0,832,1
Unnamed: 0,830,1
Unnamed: 0,829,1
Unnamed: 0,828,1
Unnamed: 0,827,1
Unnamed: 0,826,1
Unnamed: 0,858,1
Unnamed: 0,860,1
Unnamed: 0,861,1
Unnamed: 0,862,1
Unnamed: 0,881,1
Unnamed: 0,880,1
Unnamed: 0,877,1
Unnamed: 0,876,1
Unnamed: 0,874,1
Unnamed: 0,873,1
Unnamed: 0,872,1
Unnamed: 0,871,1
Unnamed: 0,870,1
Unnamed: 0,869,1
Unnamed: 0,867,1
Unnamed: 0,866,1
Unnamed: 0,865,1
Unnamed: 0,864,1
Unnamed: 0,863,1
Unnamed: 0,941,1
Unnamed: 0,945,1
Unnamed: 0,947,1
Unnamed: 0,1019,1
Unnamed: 0,1038,1
Unnamed: 0,1037,1
Unnamed: 0,1036,1
Unnamed: 0,1034,1
Unnamed: 0,1033,1
Unnamed: 0,1024,1
Unnamed: 0,1023,1
Unnamed: 0,1017,1
Unnamed: 0,948,1
Unnamed: 0,1016,1
Unnamed: 0,1014,1
Unnamed: 0,1013,1
Unnamed: 0,1012,1
Unnamed: 0,1011,1
Unnamed: 0,1010,1
Unnamed: 0,1009,1
Unnamed: 0,1042,1
Unnamed: 0,1043,1
Unnamed: 0,1046,1
Unnamed: 0,1048,1
Unnamed: 0,1074,1
Unnamed: 0,1073,1
Unnamed: 0,1071,1
Unnamed: 0,1070,1
Unnamed: 0,1069,1
Unnamed: 0,1067,1
Unnamed: 0,1064,1
Unnamed: 0,1063,1
Unnamed: 0,1062,1
Unnamed: 0,1061,1
Unnamed: 0,1060,1
Unnamed: 0,1059,1
Unnamed: 0,1058,1
Unnamed: 0,1055,1
Unnamed: 0,1052,1
Unnamed: 0,1008,1
Unnamed: 0,1007,1
Unnamed: 0,1006,1
Unnamed: 0,979,1
Unnamed: 0,974,1
Unnamed: 0,971,1
Unnamed: 0,970,1
Unnamed: 0,969,1
Unnamed: 0,965,1
Unnamed: 0,960,1
Unnamed: 0,959,1
Unnamed: 0,957,1
Unnamed: 0,955,1
Unnamed: 0,954,1
Unnamed: 0,953,1
Unnamed: 0,952,1
Unnamed: 0,951,1
Unnamed: 0,950,1
Unnamed: 0,949,1
Unnamed: 0,977,1
Unnamed: 0,983,1
Unnamed: 0,1005,1
Unnamed: 0,984,1
Unnamed: 0,1002,1
Unnamed: 0,1001,1
Unnamed: 0,1000,1
Unnamed: 0,998,1
Unnamed: 0,997,1
Unnamed: 0,996,1
Unnamed: 0,995,1
Unnamed: 0,994,1
Unnamed: 0,993,1
Unnamed: 0,992,1
Unnamed: 0,991,1
Unnamed: 0,990,1
Unnamed: 0,989,1
Unnamed: 0,987,1
Unnamed: 0,986,1
Unnamed: 0,824,1
Unnamed: 0,823,1
Unnamed: 0,822,1
Unnamed: 0,640,1
Unnamed: 0,651,1
Unnamed: 0,650,1
Unnamed: 0,649,1
Unnamed: 0,648,1
Unnamed: 0,646,1
Unnamed: 0,645,1
Unnamed: 0,643,1
Unnamed: 0,639,1
Unnamed: 0,696,1
Unnamed: 0,638,1
Unnamed: 0,637,1
Unnamed: 0,636,1
Unnamed: 0,635,1
Unnamed: 0,632,1
Unnamed: 0,631,1
Unnamed: 0,629,1
Unnamed: 0,652,1
Unnamed: 0,653,1
Unnamed: 0,654,1
Unnamed: 0,655,1
Unnamed: 0,691,1
Unnamed: 0,687,1
Unnamed: 0,686,1
Unnamed: 0,681,1
Unnamed: 0,677,1
Unnamed: 0,676,1
Unnamed: 0,674,1
Unnamed: 0,671,1
Unnamed: 0,670,1
Unnamed: 0,668,1
Unnamed: 0,660,1
Unnamed: 0,659,1
Unnamed: 0,658,1
Unnamed: 0,657,1
Unnamed: 0,656,1
Unnamed: 0,626,1
Unnamed: 0,622,1
Unnamed: 0,621,1
Unnamed: 0,582,1
Unnamed: 0,580,1
Unnamed: 0,579,1
Unnamed: 0,578,1
Unnamed: 0,576,1
Unnamed: 0,575,1
Unnamed: 0,574,1
Unnamed: 0,573,1
Unnamed: 0,571,1
Unnamed: 0,570,1
Unnamed: 0,569,1
Unnamed: 0,568,1
Unnamed: 0,567,1
Unnamed: 0,565,1
Unnamed: 0,564,1
Unnamed: 0,563,1
Unnamed: 0,581,1
Unnamed: 0,583,1
Unnamed: 0,620,1
Unnamed: 0,585,1
Unnamed: 0,618,1
Unnamed: 0,617,1
Unnamed: 0,614,1
Unnamed: 0,613,1
Unnamed: 0,611,1
Unnamed: 0,608,1
Unnamed: 0,606,1
Unnamed: 0,605,1
Unnamed: 0,603,1
Unnamed: 0,602,1
Unnamed: 0,598,1
Unnamed: 0,597,1
Unnamed: 0,592,1
Unnamed: 0,591,1
Unnamed: 0,588,1
Unnamed: 0,695,1
Unnamed: 0,698,1
Unnamed: 0,821,1
Unnamed: 0,781,1
Unnamed: 0,792,1
Unnamed: 0,791,1
Unnamed: 0,790,1
Unnamed: 0,788,1
Unnamed: 0,787,1
Unnamed: 0,786,1
Unnamed: 0,782,1
Unnamed: 0,779,1
Unnamed: 0,699,1
Unnamed: 0,777,1
Unnamed: 0,774,1
Unnamed: 0,772,1
Unnamed: 0,771,1
Unnamed: 0,770,1
Unnamed: 0,769,1
Unnamed: 0,768,1
Unnamed: 0,793,1
Unnamed: 0,794,1
Unnamed: 0,796,1
Unnamed: 0,798,1
Unnamed: 0,820,1
Unnamed: 0,817,1
Unnamed: 0,816,1
Unnamed: 0,815,1
Unnamed: 0,814,1
Unnamed: 0,813,1
Unnamed: 0,811,1
Unnamed: 0,809,1
Unnamed: 0,808,1
Unnamed: 0,806,1
Unnamed: 0,805,1
Unnamed: 0,804,1
Unnamed: 0,803,1
Unnamed: 0,802,1
Unnamed: 0,801,1
Unnamed: 0,766,1
Unnamed: 0,764,1
Unnamed: 0,762,1
Unnamed: 0,727,1
Unnamed: 0,725,1
Unnamed: 0,724,1
Unnamed: 0,723,1
Unnamed: 0,722,1
Unnamed: 0,721,1
Unnamed: 0,720,1
Unnamed: 0,718,1
Unnamed: 0,717,1
Unnamed: 0,716,1
Unnamed: 0,714,1
Unnamed: 0,712,1
Unnamed: 0,706,1
Unnamed: 0,705,1
Unnamed: 0,703,1
Unnamed: 0,702,1
Unnamed: 0,726,1
Unnamed: 0,728,1
Unnamed: 0,759,1
Unnamed: 0,731,1
Unnamed: 0,758,1
Unnamed: 0,757,1
Unnamed: 0,756,1
Unnamed: 0,755,1
Unnamed: 0,754,1
Unnamed: 0,752,1
Unnamed: 0,751,1
Unnamed: 0,749,1
Unnamed: 0,748,1
Unnamed: 0,747,1
Unnamed: 0,746,1
Unnamed: 0,744,1
Unnamed: 0,739,1
Unnamed: 0,736,1
Unnamed: 0,735,1
Unnamed: 0,2161,1
No_All,3,1
No_All,1421,1
No_All,1433,1
No_All,1432,1
No_All,1429,1
No_All,1426,1
No_All,1425,1
No_All,1424,1
No_All,1422,1
No_All,1418,1
No_All,1403,1
No_All,1417,1
No_All,1416,1
No_All,1415,1
No_All,1412,1
No_All,1409,1
No_All,1407,1
No_All,1406,1
No_All,1436,1
No_All,1437,1
No_All,1438,1
No_All,1441,1
No_All,1472,1
No_All,1471,1
No_All,1468,1
No_All,1467,1
No_All,1461,1
No_All,1460,1
No_All,1459,1
No_All,1458,1
No_All,1456,1
No_All,1454,1
No_All,1450,1
No_All,1449,1
No_All,1445,1
No_All,1443,1
No_All,1442,1
No_All,1404,1
No_All,1400,1
No_All,1621,1
No_All,1356,1
No_All,1365,1
No_All,1364,1
No_All,1363,1
No_All,1362,1
No_All,1361,1
No_All,1358,1
No_All,1357,1
No_All,1354,1
No_All,1398,1
No_All,1352,1
No_All,1349,1
No_All,1347,1
No_All,1345,1
No_All,1344,1
No_All,1342,1
No_All,1341,1
No_All,1368,1
No_All,1371,1
No_All,1373,1
No_All,1374,1
No_All,1397,1
No_All,1396,1
No_All,1395,1
No_All,1394,1
No_All,1393,1
No_All,1392,1
No_All,1389,1
No_All,1388,1
No_All,1386,1
No_All,1384,1
No_All,1383,1
No_All,1381,1
No_All,1380,1
No_All,1377,1
No_All,1376,1
No_All,1473,1
No_All,1474,1
No_All,1475,1
No_All,1563,1
No_All,1574,1
No_All,1573,1
No_All,1572,1
No_All,1569,1
No_All,1568,1
No_All,1565,1
No_All,1564,1
No_All,1562,1
No_All,1476,1
No_All,1561,1
No_All,1557,1
No_All,1556,1
No_All,1555,1
No_All,1554,1
No_All,1549,1
No_All,1548,1
No_All,1575,1
No_All,1576,1
No_All,1577,1
No_All,1580,1
No_All,1619,1
No_All,1618,1
No_All,1613,1
No_All,1612,1
No_All,1611,1
No_All,1610,1
No_All,1601,1
No_All,1597,1
No_All,1596,1
No_All,1593,1
No_All,1591,1
No_All,1589,1
No_All,1587,1
No_All,1586,1
No_All,1583,1
No_All,1546,1
No_All,1544,1
No_All,1540,1
No_All,1496,1
No_All,1493,1
No_All,1492,1
No_All,1491,1
No_All,1490,1
No_All,1489,1
No_All,1488,1
No_All,1487,1
No_All,1486,1
No_All,1485,1
No_All,1484,1
No_All,1483,1
No_All,1481,1
No_All,1480,1
No_All,1479,1
No_All,1477,1
No_All,1495,1
No_All,1498,1
No_All,1539,1
No_All,1501,1
No_All,1537,1
No_All,1535,1
No_All,1534,1
No_All,1531,1
No_All,1526,1
No_All,1525,1
No_All,1524,1
No_All,1522,1
No_All,1520,1
No_All,1515,1
No_All,1514,1
No_All,1513,1
No_All,1511,1
No_All,1508,1
No_All,1502,1
No_All,1339,1
No_All,1338,1
No_All,1337,1
No_All,1174,1
No_All,1183,1
No_All,1182,1
No_All,1181,1
No_All,1179,1
No_All,1178,1
No_All,1176,1
No_All,1175,1
No_All,1173,1
No_All,1225,1
No_All,1172,1
No_All,1166,1
No_All,1165,1
No_All,1161,1
No_All,1159,1
No_All,1158,1
No_All,1156,1
No_All,1184,1
No_All,1185,1
No_All,1190,1
No_All,1195,1
No_All,1222,1
No_All,1221,1
No_All,1220,1
No_All,1219,1
No_All,1218,1
No_All,1217,1
No_All,1216,1
No_All,1215,1
No_All,1209,1
No_All,1208,1
No_All,1207,1
No_All,1203,1
No_All,1201,1
No_All,1200,1
No_All,1196,1
No_All,1155,1
No_All,1153,1
No_All,1152,1
No_All,1122,1
No_All,1113,1
No_All,1112,1
No_All,1111,1
No_All,1106,1
No_All,1105,1
No_All,1104,1
No_All,1103,1
No_All,1102,1
No_All,1100,1
No_All,1099,1
No_All,1097,1
No_All,1095,1
No_All,1094,1
No_All,1093,1
No_All,1092,1
No_All,1116,1
No_All,1123,1
No_All,1151,1
No_All,1124,1
No_All,1150,1
No_All,1149,1
No_All,1148,1
No_All,1147,1
No_All,1146,1
No_All,1143,1
No_All,1139,1
No_All,1137,1
No_All,1136,1
No_All,1135,1
No_All,1133,1
No_All,1132,1
No_All,1131,1
No_All,1128,1
No_All,1126,1
No_All,1224,1
No_All,1226,1
No_All,1335,1
No_All,1297,1
No_All,1305,1
No_All,1304,1
No_All,1303,1
No_All,1302,1
No_All,1301,1
No_All,1300,1
No_All,1299,1
No_All,1296,1
No_All,1227,1
No_All,1295,1
No_All,1294,1
No_All,1292,1
No_All,1291,1
No_All,1289,1
No_All,1288,1
No_All,1287,1
No_All,1308,1
No_All,1309,1
No_All,1310,1
No_All,1311,1
No_All,1334,1
No_All,1331,1
No_All,1330,1
No_All,1329,1
No_All,1328,1
No_All,1327,1
No_All,1326,1
No_All,1325,1
No_All,1324,1
No_All,1320,1
No_All,1319,1
No_All,1318,1
No_All,1316,1
No_All,1314,1
No_All,1312,1
No_All,1286,1
No_All,1285,1
No_All,1284,1
No_All,1254,1
No_All,1252,1
No_All,1251,1
No_All,1250,1
No_All,1249,1
No_All,1246,1
No_All,1242,1
No_All,1239,1
No_All,1237,1
No_All,1236,1
No_All,1234,1
No_All,1233,1
No_All,1231,1
No_All,1230,1
No_All,1229,1
No_All,1228,1
No_All,1253,1
No_All,1255,1
No_All,1283,1
No_All,1256,1
No_All,1281,1
No_All,1279,1
No_All,1278,1
No_All,1274,1
No_All,1273,1
No_All,1271,1
No_All,1270,1
No_All,1267,1
No_All,1265,1
No_All,1264,1
No_All,1263,1
No_All,1262,1
No_All,1260,1
No_All,1259,1
No_All,1258,1
No_All,1620,1
No_All,1622,1
No_All,1085,1
No_All,2252,1
No_All,2259,1
No_All,2258,1
No_All,2257,1
No_All,2256,1
No_All,2255,1
No_All,2254,1
No_All,2253,1
No_All,2251,1
No_All,2241,1
No_All,2250,1
No_All,2249,1
No_All,2247,1
No_All,2246,1
No_All,2245,1
No_All,2244,1
No_All,2243,1
No_All,2260,1
No_All,2261,1
No_All,2263,1
No_All,2266,1
No_All,2291,1
No_All,2289,1
No_All,2286,1
No_All,2285,1
No_All,2284,1
No_All,2283,1
No_All,2282,1
No_All,2281,1
No_All,2279,1
No_All,2277,1
No_All,2275,1
No_All,2274,1
No_All,2273,1
No_All,2270,1
No_All,2269,1
No_All,2242,1
No_All,2240,1
No_All,1623,1
No_All,2197,1
No_All,2208,1
No_All,2207,1
No_All,2204,1
No_All,2203,1
No_All,2202,1
No_All,2199,1
No_All,2198,1
No_All,2196,1
No_All,2239,1
No_All,2195,1
No_All,2194,1
No_All,2191,1
No_All,2190,1
No_All,2189,1
No_All,2187,1
No_All,2185,1
No_All,2209,1
No_All,2213,1
No_All,2214,1
No_All,2215,1
No_All,2238,1
No_All,2237,1
No_All,2236,1
No_All,2235,1
No_All,2234,1
No_All,2232,1
No_All,2231,1
No_All,2227,1
No_All,2226,1
No_All,2223,1
No_All,2222,1
No_All,2221,1
No_All,2220,1
No_All,2217,1
No_All,2216,1
No_All,2292,1
No_All,2293,1
No_All,2294,1
No_All,2434,1
No_All,2443,1
No_All,2442,1
No_All,2440,1
No_All,2439,1
No_All,2437,1
No_All,2436,1
No_All,2435,1
No_All,2432,1
No_All,2297,1
No_All,2431,1
No_All,2428,1
No_All,2427,1
No_All,2424,1
No_All,2423,1
No_All,2422,1
No_All,2421,1
No_All,2444,1
No_All,2445,1
No_All,2446,1
No_All,2448,1
No_All,2476,1
No_All,2475,1
No_All,2471,1
No_All,2468,1
No_All,2467,1
No_All,2463,1
No_All,2461,1
No_All,2460,1
No_All,2459,1
No_All,2458,1
No_All,2456,1
No_All,2455,1
No_All,2454,1
No_All,2450,1
No_All,2449,1
No_All,2420,1
No_All,2419,1
No_All,2418,1
No_All,2318,1
No_All,2316,1
No_All,2314,1
No_All,2313,1
No_All,2312,1
No_All,2311,1
No_All,2309,1
No_All,2308,1
No_All,2307,1
No_All,2306,1
No_All,2305,1
No_All,2303,1
No_All,2302,1
No_All,2301,1
No_All,2300,1
No_All,2298,1
No_All,2317,1
No_All,2322,1
No_All,2417,1
No_All,2324,1
No_All,2416,1
No_All,2415,1
No_All,2412,1
No_All,2410,1
No_All,2404,1
No_All,2403,1
No_All,2402,1
No_All,2333,1
No_All,2332,1
No_All,2331,1
No_All,2329,1
No_All,2328,1
No_All,2327,1
No_All,2326,1
No_All,2325,1
No_All,2183,1
No_All,2181,1
No_All,2180,1
No_All,1706,1
No_All,1722,1
No_All,1721,1
No_All,1720,1
No_All,1715,1
No_All,1713,1
No_All,1708,1
No_All,1707,1
No_All,1703,1
No_All,1768,1
No_All,1702,1
No_All,1700,1
No_All,1699,1
No_All,1697,1
No_All,1696,1
No_All,1695,1
No_All,1693,1
No_All,1724,1
No_All,1725,1
No_All,1726,1
No_All,1727,1
No_All,1762,1
No_All,1761,1
No_All,1760,1
No_All,1759,1
No_All,1758,1
No_All,1755,1
No_All,1754,1
No_All,1753,1
No_All,1752,1
No_All,1751,1
No_All,1749,1
No_All,1746,1
No_All,1741,1
No_All,1729,1
No_All,1728,1
No_All,1692,1
No_All,1683,1
No_All,1682,1
No_All,1657,1
No_All,1655,1
No_All,1654,1
No_All,1653,1
No_All,1651,1
No_All,1647,1
No_All,1645,1
No_All,1644,1
No_All,1639,1
No_All,1638,1
No_All,1636,1
No_All,1634,1
No_All,1633,1
No_All,1631,1
No_All,1629,1
No_All,1626,1
No_All,1656,1
No_All,1658,1
No_All,1681,1
No_All,1659,1
No_All,1679,1
No_All,1678,1
No_All,1677,1
No_All,1676,1
No_All,1675,1
No_All,1674,1
No_All,1673,1
No_All,1671,1
No_All,1668,1
No_All,1667,1
No_All,1666,1
No_All,1665,1
No_All,1664,1
No_All,1663,1
No_All,1660,1
No_All,1765,1
No_All,1771,1
No_All,2176,1
No_All,1879,1
No_All,2147,1
No_All,2146,1
No_All,2145,1
No_All,1892,1
No_All,1890,1
No_All,1889,1
No_All,1885,1
No_All,1878,1
No_All,1772,1
No_All,1875,1
No_All,1874,1
No_All,1873,1
No_All,1872,1
No_All,1865,1
No_All,1862,1
No_All,1859,1
No_All,2148,1
No_All,2150,1
No_All,2153,1
No_All,2154,1
No_All,2175,1
No_All,2174,1
No_All,2173,1
No_All,2172,1
No_All,2169,1
No_All,2166,1
No_All,2165,1
No_All,2164,1
No_All,2162,1
No_All,2160,1
No_All,2159,1
No_All,2158,1
No_All,2157,1
No_All,2156,1
No_All,2155,1
No_All,1858,1
No_All,1857,1
No_All,1856,1
No_All,1823,1
No_All,1820,1
No_All,1812,1
No_All,1806,1
No_All,1805,1
No_All,1804,1
No_All,1801,1
No_All,1797,1
No_All,1794,1
No_All,1793,1
No_All,1790,1
No_All,1789,1
No_All,1778,1
No_All,1776,1
No_All,1775,1
No_All,1773,1
No_All,1821,1
No_All,1824,1
No_All,1855,1
No_All,1825,1
No_All,1852,1
No_All,1851,1
No_All,1850,1
No_All,1848,1
No_All,1842,1
No_All,1840,1
No_All,1839,1
No_All,1838,1
No_All,1833,1
No_All,1832,1
No_All,1831,1
No_All,1829,1
No_All,1828,1
No_All,1827,1
No_All,1826,1
No_All,1091,1
No_All,1080,1
No_All,4,1
No_All,377,1
No_All,384,1
No_All,383,1
No_All,382,1
No_All,381,1
No_All,380,1
No_All,379,1
No_All,378,1
No_All,376,1
No_All,358,1
No_All,374,1
No_All,373,1
No_All,372,1
No_All,371,1
No_All,370,1
No_All,368,1
No_All,367,1
No_All,385,1
No_All,386,1
No_All,387,1
No_All,388,1
No_All,415,1
No_All,414,1
No_All,412,1
No_All,410,1
No_All,409,1
No_All,402,1
No_All,401,1
No_All,397,1
No_All,396,1
No_All,395,1
No_All,394,1
No_All,393,1
No_All,392,1
No_All,390,1
No_All,389,1
No_All,359,1
No_All,357,1
No_All,560,1
No_All,293,1
No_All,306,1
No_All,305,1
No_All,302,1
No_All,300,1
No_All,299,1
No_All,298,1
No_All,296,1
No_All,292,1
No_All,355,1
No_All,291,1
No_All,289,1
No_All,280,1
No_All,279,1
No_All,278,1
No_All,273,1
No_All,272,1
No_All,307,1
No_All,311,1
No_All,315,1
No_All,316,1
No_All,354,1
No_All,353,1
No_All,349,1
No_All,344,1
No_All,341,1
No_All,338,1
No_All,334,1
No_All,333,1
No_All,332,1
No_All,330,1
No_All,329,1
No_All,328,1
No_All,325,1
No_All,324,1
No_All,318,1
No_All,416,1
No_All,417,1
No_All,418,1
No_All,514,1
No_All,528,1
No_All,527,1
No_All,525,1
No_All,522,1
No_All,519,1
No_All,518,1
No_All,515,1
No_All,513,1
No_All,422,1
No_All,511,1
No_All,510,1
No_All,509,1
No_All,507,1
No_All,505,1
No_All,504,1
No_All,500,1
No_All,529,1
No_All,531,1
No_All,532,1
No_All,533,1
No_All,557,1
No_All,556,1
No_All,555,1
No_All,554,1
No_All,553,1
No_All,548,1
No_All,547,1
No_All,546,1
No_All,544,1
No_All,543,1
No_All,542,1
No_All,541,1
No_All,540,1
No_All,539,1
No_All,538,1
No_All,498,1
No_All,497,1
No_All,495,1
No_All,460,1
No_All,456,1
No_All,454,1
No_All,452,1
No_All,451,1
No_All,450,1
No_All,449,1
No_All,438,1
No_All,435,1
No_All,434,1
No_All,431,1
No_All,428,1
No_All,427,1
No_All,426,1
No_All,425,1
No_All,424,1
No_All,459,1
No_All,464,1
No_All,491,1
No_All,467,1
No_All,490,1
No_All,488,1
No_All,487,1
No_All,486,1
No_All,483,1
No_All,481,1
No_All,479,1
No_All,478,1
No_All,477,1
No_All,475,1
No_All,474,1
No_All,473,1
No_All,472,1
No_All,469,1
No_All,468,1
No_All,270,1
No_All,269,1
No_All,268,1
No_All,87,1
No_All,95,1
No_All,93,1
No_All,92,1
No_All,91,1
No_All,90,1
No_All,89,1
No_All,88,1
No_All,86,1
No_All,132,1
No_All,85,1
No_All,84,1
No_All,83,1
No_All,82,1
No_All,81,1
No_All,78,1
No_All,77,1
No_All,96,1
No_All,99,1
No_All,100,1
No_All,101,1
No_All,129,1
No_All,128,1
No_All,127,1
No_All,123,1
No_All,122,1
No_All,121,1
No_All,120,1
No_All,118,1
No_All,113,1
No_All,109,1
No_All,107,1
No_All,106,1
No_All,105,1
No_All,103,1
No_All,102,1
No_All,76,1
No_All,75,1
No_All,73,1
No_All,40,1
No_All,33,1
No_All,31,1
No_All,30,1
No_All,28,1
No_All,27,1
No_All,26,1
No_All,24,1
No_All,23,1
No_All,22,1
No_All,15,1
No_All,14,1
No_All,12,1
No_All,9,1
No_All,8,1
No_All,5,1
No_All,37,1
No_All,41,1
No_All,68,1
No_All,43,1
No_All,67,1
No_All,66,1
No_All,65,1
No_All,60,1
No_All,59,1
No_All,58,1
No_All,55,1
No_All,54,1
No_All,53,1
No_All,52,1
No_All,50,1
No_All,49,1
No_All,46,1
No_All,45,1
No_All,44,1
No_All,131,1
No_All,133,1
No_All,266,1
No_All,217,1
No_All,235,1
No_All,228,1
No_All,227,1
No_All,223,1
No_All,222,1
No_All,219,1
No_All,218,1
No_All,216,1
No_All,134,1
No_All,214,1
No_All,208,1
No_All,207,1
No_All,203,1
No_All,202,1
No_All,201,1
No_All,199,1
No_All,239,1
No_All,240,1
No_All,242,1
No_All,243,1
No_All,265,1
No_All,263,1
No_All,262,1
No_All,261,1
No_All,260,1
No_All,259,1
No_All,256,1
No_All,255,1
No_All,254,1
No_All,251,1
No_All,250,1
No_All,248,1
No_All,247,1
No_All,246,1
No_All,244,1
No_All,198,1
No_All,197,1
No_All,194,1
No_All,166,1
No_All,159,1
No_All,158,1
No_All,156,1
No_All,155,1
No_All,154,1
No_All,152,1
No_All,150,1
No_All,145,1
No_All,144,1
No_All,143,1
No_All,142,1
No_All,139,1
No_All,137,1
No_All,136,1
No_All,135,1
No_All,161,1
No_All,168,1
No_All,193,1
No_All,169,1
No_All,190,1
No_All,189,1
No_All,188,1
No_All,187,1
No_All,186,1
No_All,185,1
No_All,181,1
No_All,178,1
No_All,177,1
No_All,176,1
No_All,175,1
No_All,173,1
No_All,172,1
No_All,171,1
No_All,170,1
No_All,558,1
No_All,561,1
No_All,1078,1
No_All,908,1
No_All,918,1
No_All,915,1
No_All,914,1
No_All,912,1
No_All,911,1
No_All,910,1
No_All,909,1
No_All,907,1
No_All,893,1
No_All,906,1
No_All,905,1
No_All,904,1
No_All,903,1
No_All,902,1
No_All,901,1
No_All,895,1
No_All,919,1
No_All,920,1
No_All,922,1
No_All,923,1
No_All,941,1
No_All,940,1
No_All,938,1
No_All,936,1
No_All,935,1
No_All,934,1
No_All,933,1
No_All,932,1
No_All,931,1
No_All,930,1
No_All,928,1
No_All,927,1
No_All,926,1
No_All,925,1
No_All,924,1
No_All,894,1
No_All,887,1
No_All,563,1
No_All,844,1
No_All,858,1
No_All,857,1
No_All,855,1
No_All,854,1
No_All,852,1
No_All,846,1
No_All,845,1
No_All,841,1
No_All,883,1
No_All,836,1
No_All,833,1
No_All,831,1
No_All,830,1
No_All,829,1
No_All,828,1
No_All,827,1
No_All,859,1
No_All,861,1
No_All,862,1
No_All,863,1
No_All,882,1
No_All,881,1
No_All,878,1
No_All,877,1
No_All,875,1
No_All,874,1
No_All,873,1
No_All,872,1
No_All,871,1
No_All,870,1
No_All,868,1
No_All,867,1
No_All,866,1
No_All,865,1
No_All,864,1
No_All,942,1
No_All,946,1
No_All,948,1
No_All,1020,1
No_All,1039,1
No_All,1038,1
No_All,1037,1
No_All,1035,1
No_All,1034,1
No_All,1025,1
No_All,1024,1
No_All,1018,1
No_All,949,1
No_All,1017,1
No_All,1015,1
No_All,1014,1
No_All,1013,1
No_All,1012,1
No_All,1011,1
No_All,1010,1
No_All,1043,1
No_All,1044,1
No_All,1047,1
No_All,1049,1
No_All,1075,1
No_All,1074,1
No_All,1072,1
No_All,1071,1
No_All,1070,1
No_All,1068,1
No_All,1065,1
No_All,1064,1
No_All,1063,1
No_All,1062,1
No_All,1061,1
No_All,1060,1
No_All,1059,1
No_All,1056,1
No_All,1053,1
No_All,1009,1
No_All,1008,1
No_All,1007,1
No_All,980,1
No_All,975,1
No_All,972,1
No_All,971,1
No_All,970,1
No_All,966,1
No_All,961,1
No_All,960,1
No_All,958,1
No_All,956,1
No_All,955,1
No_All,954,1
No_All,953,1
No_All,952,1
No_All,951,1
No_All,950,1
No_All,978,1
No_All,984,1
No_All,1006,1
No_All,985,1
No_All,1003,1
No_All,1002,1
No_All,1001,1
No_All,999,1
No_All,998,1
No_All,997,1
No_All,996,1
No_All,995,1
No_All,994,1
No_All,993,1
No_All,992,1
No_All,991,1
No_All,990,1
No_All,988,1
No_All,987,1
No_All,825,1
No_All,824,1
No_All,823,1
No_All,641,1
No_All,652,1
No_All,651,1
No_All,650,1
No_All,649,1
No_All,647,1
No_All,646,1
No_All,644,1
No_All,640,1
No_All,697,1
No_All,639,1
No_All,638,1
No_All,637,1
No_All,636,1
No_All,633,1
No_All,632,1
No_All,630,1
No_All,653,1
No_All,654,1
No_All,655,1
No_All,656,1
No_All,692,1
No_All,688,1
No_All,687,1
No_All,682,1
No_All,678,1
No_All,677,1
No_All,675,1
No_All,672,1
No_All,671,1
No_All,669,1
No_All,661,1
No_All,660,1
No_All,659,1
No_All,658,1
No_All,657,1
No_All,627,1
No_All,623,1
No_All,622,1
No_All,583,1
No_All,581,1
No_All,580,1
No_All,579,1
No_All,577,1
No_All,576,1
No_All,575,1
No_All,574,1
No_All,572,1
No_All,571,1
No_All,570,1
No_All,569,1
No_All,568,1
No_All,566,1
No_All,565,1
No_All,564,1
No_All,582,1
No_All,584,1
No_All,621,1
No_All,586,1
No_All,619,1
No_All,618,1
No_All,615,1
No_All,614,1
No_All,612,1
No_All,609,1
No_All,607,1
No_All,606,1
No_All,604,1
No_All,603,1
No_All,599,1
No_All,598,1
No_All,593,1
No_All,592,1
No_All,589,1
No_All,696,1
No_All,699,1
No_All,822,1
No_All,782,1
No_All,793,1
No_All,792,1
No_All,791,1
No_All,789,1
No_All,788,1
No_All,787,1
No_All,783,1
No_All,780,1
No_All,700,1
No_All,778,1
No_All,775,1
No_All,773,1
No_All,772,1
No_All,771,1
No_All,770,1
No_All,769,1
No_All,794,1
No_All,795,1
No_All,797,1
No_All,799,1
No_All,821,1
No_All,818,1
No_All,817,1
No_All,816,1
No_All,815,1
No_All,814,1
No_All,812,1
No_All,810,1
No_All,809,1
No_All,807,1
No_All,806,1
No_All,805,1
No_All,804,1
No_All,803,1
No_All,802,1
No_All,767,1
No_All,765,1
No_All,763,1
No_All,728,1
No_All,726,1
No_All,725,1
No_All,724,1
No_All,723,1
No_All,722,1
No_All,721,1
No_All,719,1
No_All,718,1
No_All,717,1
No_All,715,1
No_All,713,1
No_All,707,1
No_All,706,1
No_All,704,1
No_All,703,1
No_All,727,1
No_All,729,1
No_All,760,1
No_All,732,1
No_All,759,1
No_All,758,1
No_All,757,1
No_All,756,1
No_All,755,1
No_All,753,1
No_All,752,1
No_All,750,1
No_All,749,1
No_All,748,1
No_All,747,1
No_All,745,1
No_All,740,1
No_All,737,1
No_All,736,1
No_All,2480,1
CGC,tokyo,1057
CGC,wakamatsu,131
CGC,itabashi,47
date,2019-07-10,28
date,2022-05-11,26
date,2022-06-15,26
date,2019-02-13,25
date,2018-07-11,25
date,2019-09-11,25
date,2018-04-11,24
date,2018-06-13,24
date,2021-07-14,24
date,2020-07-08,23
date,2020-02-12,23
date,2019-06-12,22
date,2023-03-08,21
date,2022-10-12,21
date,2022-07-13,20
date,2020-09-09,20
date,2024-03-13,20
date,2022-09-07,19
date,2018-09-11,19
date,2021-04-14,19
date,2022-01-12,19
date,2023-06-14,18
date,2021-09-08,18
date,2023-07-12,18
date,2022-12-14,18
date,2020-08-12,18
date,2020-12-16,18
date,2021-11-10,18
date,2021-12-08,17
date,2021-08-11,17
date,2016-10-12,17
date,2019-12-11,17
date,2019-11-13,17
date,2020-11-11,16
date,2018-03-14,16
date,2019-03-13,16
date,2019-04-10,16
date,2022-04-13,16
date,2023-11-08,15
date,2019-08-06,15
date,2021-10-13,15
date,2018-05-09,15
date,2020-10-14,15
date,2023-08-09,14
date,2019-01-16,14
date,2024-01-10,13
date,2018-12-12,13
date,2018-10-10,13
date,2023-05-10,12
date,2018-11-14,11
date,2022-11-09,11
date,2018-08-07,11
date,2019-05-08,11
date,2019-10-09,11
date,2023-02-08,11
date,2023-01-11,10
date,2023-12-13,10
date,2024-02-14,10
date,2023-04-12,9
date,2022-08-10,9
date,2023-10-11,9
date,2021-10-21,8
date,2024-03-21,8
date,2020-03-11,8
date,2022-08-05,8
date,2020-01-08,8
date,2022-10-14,8
date,2022-11-25,8
date,2022-07-15,7
date,2023-12-21,7
date,2023-07-20,7
date,2022-09-16,6
date,2022-10-20,6
date,2023-09-21,5
date,2023-03-15,5
date,2023-01-19,5
date,2021-12-16,5
date,2022-06-23,5
date,2021-08-12,5
date,2022-04-21,5
date,2022-12-15,4
date,2023-02-16,4
date,2023-04-27,4
date,2022-09-01,4
date,2023-11-16,4
date,2022-08-19,3
date,2024-02-15,3
date,2023-02-02,3
date,2023-01-06,3
date,2022-12-01,3
date,2021-11-18,3
date,2022-01-20,3
date,2023-03-02,3
date,2024-01-18,3
date,2022-11-17,3
date,2023-08-23,3
date,2022-05-19,3
date,2023-06-15,3
date,2023-05-18,3
date,2022-02-17,2
date,2021-09-16,2
date,2022-07-21,2
date,2022-03-17,2
sex,Female,685
sex,Male,550
age_year,13,121
age_year,12,111
age_year,10,107
age_year,14,102
age_year,11,89
age_year,9,85
age_year,15,76
age_year,7,75
age_year,5,74
age_year,6,73
age_year,8,69
age_year,4,67
age_year,3,65
age_year,16,53
age_year,2,38
age_year,17,30
age_month,0,122
age_month,3,121
age_month,1,112
age_month,8,111
age_month,4,105
age_month,11,104
age_month,2,102
age_month,6,97
age_month,10,92
age_month,5,91
age_month,9,91
age_month,7,87
age,13.16666667,16
age,13.66666667,16
age,15.0,16
age,12.66666667,15
age,13.25,14
age,13.08333333,14
age,3.25,13
age,12.16666667,13
age,14.25,13
age,11.08333333,12
age,12.83333333,12
age,7.666666667,12
age,10.16666667,12
age,14.0,12
age,4.916666667,11
age,10.08333333,11
age,13.91666667,11
age,12.5,11
age,13.5,11
age,9.083333333,11
age,14.5,11
age,15.08333333,11
age,5.583333333,11
age,8.5,10
age,10.91666667,10
age,10.0,10
age,9.75,10
age,6.666666667,10
age,6.25,10
age,8.0,10
age,10.83333333,10
age,14.08333333,10
age,12.0,10
age,10.33333333,10
age,11.83333333,9
age,14.91666667,9
age,12.41666667,9
age,12.91666667,9
age,11.33333333,9
age,5.25,9
age,11.75,9
age,10.75,9
age,11.0,9
age,14.41666667,9
age,13.0,9
age,14.66666667,9
age,14.58333333,8
age,3.166666667,8
age,2.333333333,8
age,11.66666667,8
age,7.916666667,8
age,5.333333333,8
age,3.583333333,8
age,2.916666667,8
age,12.25,8
age,10.66666667,8
age,4.75,8
age,9.0,8
age,6.083333333,8
age,16.33333333,8
age,9.25,8
age,10.58333333,8
age,13.41666667,8
age,13.33333333,8
age,17.0,7
age,9.833333333,7
age,13.83333333,7
age,5.083333333,7
age,6.416666667,7
age,14.83333333,7
age,7.75,7
age,5.75,7
age,9.166666667,7
age,8.25,7
age,11.25,7
age,10.5,7
age,6.5,7
age,12.08333333,7
age,9.583333333,7
age,8.166666667,7
age,7.083333333,7
age,14.33333333,7
age,9.416666667,7
age,11.58333333,7
age,9.916666667,7
age,5.5,7
age,4.833333333,7
age,11.5,6
age,7.583333333,6
age,5.416666667,6
age,10.41666667,6
age,4.5,6
age,7.0,6
age,7.25,6
age,16.75,6
age,12.75,6
age,7.166666667,6
age,6.333333333,6
age,15.58333333,6
age,15.41666667,6
age,5.0,6
age,8.833333333,6
age,16.25,6
age,15.83333333,6
age,3.916666667,6
age,12.33333333,6
age,16.41666667,6
age,10.25,6
age,8.333333333,6
age,11.16666667,6
age,15.91666667,6
age,6.0,6
age,4.25,6
age,16.91666667,5
age,5.666666667,5
age,9.333333333,5
age,8.083333333,5
age,12.58333333,5
age,3.333333333,5
age,3.0,5
age,4.0,5
age,4.583333333,5
age,6.583333333,5
age,3.75,5
age,7.833333333,5
age,8.916666667,5
age,14.16666667,5
age,4.166666667,5
age,6.75,5
age,7.333333333,5
age,4.416666667,5
age,6.166666667,5
age,15.16666667,5
age,17.33333333,5
age,2.416666667,5
age,8.666666667,5
age,15.33333333,5
age,9.666666667,4
age,8.416666667,4
age,15.66666667,4
age,15.25,4
age,16.83333333,4
age,3.416666667,4
age,3.5,4
age,15.75,4
age,13.75,4
age,7.5,4
age,4.333333333,4
age,11.41666667,4
age,16.5,4
age,2.833333333,4
age,16.66666667,4
age,9.5,4
age,13.58333333,3
age,5.166666667,3
age,16.08333333,3
age,5.833333333,3
age,15.5,3
age,17.75,3
age,4.666666667,3
age,3.833333333,3
age,6.916666667,3
age,2.666666667,3
age,2.75,3
age,16.0,3
age,7.416666667,3
age,16.58333333,3
age,11.91666667,3
age,8.75,3
age,17.66666667,3
age,5.916666667,2
age,17.25,2
age,17.58333333,2
age,2.25,2
age,2.583333333,2
age,3.666666667,2
age,17.16666667,2
age,17.41666667,2
age,3.083333333,2
age,14.75,2
age,4.083333333,2
age,17.83333333,1
age,17.5,1
age,17.91666667,1
age,17.08333333,1
age,2.083333333,1
age,6.833333333,1
age,2.166666667,1
age,2.5,1
age,16.16666667,1
age,8.583333333,1
abuse_1,,1235
abuse,Physical Abuse,646
abuse,Neglect,328
abuse,Emotional Abuse,201
abuse,Sexual Abuse,60
abuse_num,1,1235
U17,,791
U17,0.0,352
U17,-1.0,43
U17,3.0,22
U17,2.0,15
U17,1.0,12
U16,0.0,784
U16,,317
U16,1.0,76
U16,3.0,31
U16,2.0,23
U16,-1.0,4
U15,,677
U15,0.0,535
U15,1.0,11
U15,-1.0,8
U15,2.0,4
U14,0.0,638
U14,,573
U14,2.0,9
U14,3.0,7
U14,-1.0,5
U14,1.0,3
U13,,608
U13,0.0,602
U13,2.0,11
U13,3.0,7
U13,-1.0,5
U13,1.0,2
U12,0.0,790
U12,,397
U12,3.0,20
U12,2.0,18
U12,1.0,5
U12,-1.0,4
U12,6.0,1
U11,0.0,844
U11,,342
U11,3.0,25
U11,2.0,12
U11,1.0,8
U11,-1.0,4
U21,0.0,839
U21,,342
U21,3.0,25
U21,2.0,14
U21,1.0,11
U21,-1.0,4
U22,0.0,789
U22,,398
U22,3.0,27
U22,2.0,12
U22,1.0,4
U22,-1.0,4
U22,6.0,1
U23,0.0,608
U23,,603
U23,2.0,8
U23,3.0,8
U23,-1.0,7
U23,1.0,1
U24,0.0,630
U24,,577
U24,3.0,9
U24,2.0,8
U24,1.0,6
U24,-1.0,5
U25,,673
U25,0.0,534
U25,1.0,9
U25,-1.0,7
U25,2.0,6
U25,3.0,6
U26,0.0,785
U26,,326
U26,1.0,62
U26,3.0,31
U26,2.0,28
U26,-1.0,3
U27,,786
U27,0.0,361
U27,-1.0,39
U27,3.0,20
U27,1.0,15
U27,2.0,14
L37,,721
L37,0.0,403
L37,1.0,33
L37,-1.0,33
L37,3.0,24
L37,2.0,21
L36,0.0,750
L36,,299
L36,1.0,90
L36,3.0,63
L36,2.0,28
L36,-1.0,3
L36,4.0,1
L36,6.0,1
L35,,667
L35,0.0,548
L35,2.0,8
L35,-1.0,8
L35,1.0,3
L35,3.0,1
L34,0.0,635
L34,,579
L34,2.0,11
L34,-1.0,6
L34,3.0,2
L34,4.0,1
L34,1.0,1
L33,0.0,675
L33,,545
L33,2.0,9
L33,-1.0,4
L33,3.0,2
L32,0.0,881
L32,,339
L32,2.0,6
L32,-1.0,5
L32,6.0,2
L32,4.0,1
L32,3.0,1
L31,0.0,951
L31,,274
L31,-1.0,4
L31,2.0,3
L31,1.0,2
L31,6.0,1
L41,0.0,948
L41,,275
L41,-1.0,4
L41,2.0,4
L41,1.0,3
L41,3.0,1
L42,0.0,880
L42,,340
L42,-1.0,5
L42,2.0,5
L42,6.0,4
L42,3.0,1
L43,0.0,672
L43,,548
L43,2.0,8
L43,-1.0,4
L43,3.0,3
L44,0.0,632
L44,,580
L44,2.0,11
L44,-1.0,5
L44,3.0,5
L44,1.0,1
L44,4.0,1
L45,,671
L45,0.0,541
L45,2.0,8
L45,-1.0,7
L45,3.0,6
L45,1.0,2
L46,0.0,752
L46,,288
L46,1.0,110
L46,3.0,50
L46,2.0,31
L46,-1.0,3
L46,6.0,1
L47,,738
L47,0.0,374
L47,-1.0,39
L47,1.0,38
L47,2.0,24
L47,3.0,22
u55,,579
u55,0.0,533
u55,3.0,71
u55,1.0,37
u55,8.0,10
u55,2.0,4
u55,6.0,1
u54,,669
u54,0.0,488
u54,3.0,45
u54,1.0,27
u54,2.0,3
u54,8.0,3
u53,,659
u53,0.0,547
u53,3.0,20
u53,2.0,4
u53,1.0,3
u53,8.0,2
u52,,864
u52,0.0,333
u52,3.0,34
u52,8.0,2
u52,2.0,1
u52,1.0,1
u51,,913
u51,0.0,265
u51,3.0,48
u51,1.0,6
u51,2.0,3
u61,,903
u61,0.0,273
u61,3.0,45
u61,1.0,7
u61,2.0,5
u61,8.0,2
u62,,861
u62,0.0,335
u62,3.0,30
u62,1.0,6
u62,2.0,3
u63,,664
u63,0.0,539
u63,3.0,24
u63,2.0,4
u63,1.0,3
u63,8.0,1
u64,,669
u64,0.0,491
u64,3.0,44
u64,1.0,24
u64,2.0,4
u64,8.0,2
u64,6.0,1
u65,,588
u65,0.0,539
u65,3.0,60
u65,1.0,39
u65,2.0,4
u65,8.0,4
u65,4.0,1
l75,,587
l75,0.0,503
l75,1.0,67
l75,3.0,66
l75,2.0,8
l75,8.0,4
l74,,666
l74,0.0,459
l74,3.0,59
l74,1.0,46
l74,2.0,4
l74,8.0,1
l73,,717
l73,0.0,502
l73,3.0,12
l73,8.0,2
l73,2.0,1
l73,5.0,1
l72,,913
l72,0.0,317
l72,3.0,2
l72,2.0,1
l72,5.0,1
l72,8.0,1
l71,,959
l71,0.0,271
l71,8.0,2
l71,3.0,2
l71,2.0,1
l81,,958
l81,0.0,273
l81,3.0,2
l81,5.0,1
l81,2.0,1
l82,,913
l82,0.0,316
l82,3.0,3
l82,8.0,2
l82,5.0,1
l83,,708
l83,0.0,513
l83,3.0,12
l83,1.0,1
l83,4.0,1
l84,,664
l84,0.0,447
l84,3.0,69
l84,1.0,51
l84,2.0,3
l84,8.0,1
l85,,579
l85,0.0,496
l85,1.0,76
l85,3.0,73
l85,2.0,7
l85,8.0,2
l85,4.0,2
needTOBEtreated,No Treatment Required,884
needTOBEtreated,Treatment Required,351
emergency,,1188
emergency,Urgent Treatment Required,47
emergencyInMonths,,924
emergencyInMonths,3.0,152
emergencyInMonths,1.0,76
emergencyInMonths,6.0,67
emergencyInMonths,2.0,13
emergencyInMonths,12.0,2
emergencyInMonths,4.0,1
gingivitis,No Gingivitis,940
gingivitis,Gingivitis,295
occlusalRelationship,Normal Occlusion,921
occlusalRelationship,Crowding,218
occlusalRelationship,Others,33
occlusalRelationship,Maxillary Protrusion,28
occlusalRelationship,Open Bite,18
occlusalRelationship,Anterior Crossbite,12
occlusalRelationship,Crossbite,5
habits,,1168
habits,Nail biting,35
habits,Digit Sucking,22
habits,Others,8
habits,Tongue Thrusting,1
habits,Smoking,1
OralCleanStatus,Fair,809
OralCleanStatus,Good,223
OralCleanStatus,Poor,203
dentists,1.0,396
dentists,2.0,337
dentists,3.0,300
dentists,,134
dentists,4.0,68
dental_hygienist,,857
dental_hygienist,2.0,306
dental_hygienist,1.0,66
dental_hygienist,3.0,6
wake_up,,1102
wake_up,2.0,71
wake_up,1.0,42
wake_up,6.0,12
wake_up,3.0,6
wake_up,5.0,1
wake_up,4.0,1
breakfast,,1102
breakfast,1.0,92
breakfast,2.0,36
breakfast,3.0,5
morning_brushing,,1102
morning_brushing,1.0,78
morning_brushing,2.0,31
morning_brushing,3.0,24
school,,1103
school,1.0,92
school,2.0,26
school,3.0,13
school,4.0,1
bedtime,,1102
bedtime,2.0,53
bedtime,3.0,29
bedtime,1.0,19
bedtime,4.0,18
bedtime,5.0,14
night_brushing,,1102
night_brushing,1.0,107
night_brushing,2.0,21
night_brushing,3.0,5
TV,,1102
TV,2.0,76
TV,1.0,57
game,,1102
game,2.0,83
game,1.0,48
game,3.0,2
meal,,1102
meal,1.0,75
meal,2.0,39
meal,3.0,19
extra_lesson,,1102
extra_lesson,2.0,73
extra_lesson,1.0,60
Perm_D,0.0,1069
Perm_D,1.0,75
Perm_D,2.0,33
Perm_D,3.0,26
Perm_D,4.0,10
Perm_D,5.0,7
Perm_D,6.0,5
Perm_D,8.0,4
Perm_D,11.0,3
Perm_D,14.0,1
Perm_D,7.0,1
Perm_D,9.0,1
Perm_M,0.0,1232
Perm_M,1.0,2
Perm_M,2.0,1
Perm_F,0.0,1047
Perm_F,1.0,62
Perm_F,2.0,50
Perm_F,3.0,26
Perm_F,4.0,26
Perm_F,5.0,9
Perm_F,6.0,7
Perm_F,8.0,5
Perm_F,10.0,2
Perm_F,17.0,1
Baby_d,0.0,1008
Baby_d,1.0,87
Baby_d,2.0,42
Baby_d,3.0,23
Baby_d,4.0,21
Baby_d,5.0,20
Baby_d,8.0,8
Baby_d,6.0,5
Baby_d,10.0,4
Baby_d,13.0,3
Baby_d,7.0,3
Baby_d,12.0,3
Baby_d,14.0,2
Baby_d,16.0,2
Baby_d,9.0,2
Baby_d,19.0,1
Baby_d,11.0,1
Baby_m,0.0,1232
Baby_m,1.0,2
Baby_m,2.0,1
Baby_f,0.0,1077
Baby_f,1.0,65
Baby_f,2.0,36
Baby_f,3.0,24
Baby_f,5.0,10
Baby_f,4.0,9
Baby_f,7.0,6
Baby_f,6.0,5
Baby_f,8.0,2
Baby_f,11.0,1
Perm_DMFT,0.0,958
Perm_DMFT,2.0,72
Perm_DMFT,1.0,71
Perm_DMFT,3.0,48
Perm_DMFT,4.0,28
Perm_DMFT,6.0,17
Perm_DMFT,5.0,11
Perm_DMFT,8.0,8
Perm_DMFT,7.0,6
Perm_DMFT,13.0,3
Perm_DMFT,10.0,3
Perm_DMFT,9.0,2
Perm_DMFT,12.0,2
Perm_DMFT,11.0,2
Perm_DMFT,18.0,1
Perm_DMFT,14.0,1
Perm_DMFT,17.0,1
Perm_DMFT,15.0,1
Baby_DMFT,0.0,931
Baby_DMFT,1.0,79
Baby_DMFT,2.0,66
Baby_DMFT,4.0,37
Baby_DMFT,3.0,31
Baby_DMFT,5.0,29
Baby_DMFT,6.0,17
Baby_DMFT,8.0,11
Baby_DMFT,9.0,7
Baby_DMFT,7.0,6
Baby_DMFT,10.0,4
Baby_DMFT,12.0,4
Baby_DMFT,11.0,4
Baby_DMFT,14.0,3
Baby_DMFT,13.0,2
Baby_DMFT,16.0,2
Baby_DMFT,19.0,1
Baby_DMFT,17.0,1
Perm_DMFT_C0,0.0,905
Perm_DMFT_C0,2.0,81
Perm_DMFT_C0,1.0,76
Perm_DMFT_C0,3.0,47
Perm_DMFT_C0,4.0,33
Perm_DMFT_C0,6.0,22
Perm_DMFT_C0,7.0,15
Perm_DMFT_C0,8.0,14
Perm_DMFT_C0,5.0,11
Perm_DMFT_C0,10.0,6
Perm_DMFT_C0,9.0,5
Perm_DMFT_C0,13.0,5
Perm_DMFT_C0,11.0,5
Perm_DMFT_C0,14.0,3
Perm_DMFT_C0,15.0,2
Perm_DMFT_C0,12.0,2
Perm_DMFT_C0,20.0,1
Perm_DMFT_C0,16.0,1
Perm_DMFT_C0,18.0,1
Baby_DMFT_C0,0.0,918
Baby_DMFT_C0,1.0,83
Baby_DMFT_C0,2.0,67
Baby_DMFT_C0,4.0,39
Baby_DMFT_C0,3.0,31
Baby_DMFT_C0,5.0,29
Baby_DMFT_C0,6.0,20
Baby_DMFT_C0,8.0,11
Baby_DMFT_C0,9.0,8
Baby_DMFT_C0,7.0,7
Baby_DMFT_C0,11.0,5
Baby_DMFT_C0,14.0,4
Baby_DMFT_C0,10.0,4
Baby_DMFT_C0,12.0,3
Baby_DMFT_C0,16.0,2
Baby_DMFT_C0,13.0,2
Baby_DMFT_C0,19.0,1
Baby_DMFT_C0,17.0,1
DMFT_Index,0.0,719
DMFT_Index,2.0,111
DMFT_Index,1.0,110
DMFT_Index,3.0,70
DMFT_Index,4.0,58
DMFT_Index,5.0,44
DMFT_Index,6.0,36
DMFT_Index,8.0,21
DMFT_Index,9.0,13
DMFT_Index,10.0,12
DMFT_Index,7.0,11
DMFT_Index,11.0,8
DMFT_Index,12.0,6
DMFT_Index,13.0,5
DMFT_Index,14.0,4
DMFT_Index,16.0,2
DMFT_Index,17.0,2
DMFT_Index,18.0,1
DMFT_Index,19.0,1
DMFT_Index,15.0,1
DMFT_C0,0.0,675
DMFT_C0,2.0,111
DMFT_C0,1.0,109
DMFT_C0,3.0,73
DMFT_C0,4.0,54
DMFT_C0,5.0,44
DMFT_C0,6.0,44
DMFT_C0,8.0,25
DMFT_C0,7.0,25
DMFT_C0,9.0,16
DMFT_C0,10.0,15
DMFT_C0,11.0,12
DMFT_C0,14.0,8
DMFT_C0,13.0,8
DMFT_C0,12.0,6
DMFT_C0,16.0,3
DMFT_C0,20.0,2
DMFT_C0,15.0,2
DMFT_C0,19.0,1
DMFT_C0,17.0,1
DMFT_C0,18.0,1
Present_Teeth,28.0,359
Present_Teeth,24.0,268
Present_Teeth,20.0,263
Present_Teeth,23.0,77
Present_Teeth,22.0,57
Present_Teeth,26.0,53
Present_Teeth,25.0,45
Present_Teeth,21.0,33
Present_Teeth,27.0,27
Present_Teeth,19.0,20
Present_Teeth,18.0,13
Present_Teeth,16.0,11
Present_Teeth,17.0,4
Present_Teeth,29.0,4
Present_Teeth,12.0,1
Present_Perm_Teeth,28.0,350
Present_Perm_Teeth,0.0,258
Present_Perm_Teeth,12.0,96
Present_Perm_Teeth,24.0,61
Present_Perm_Teeth,26.0,54
Present_Perm_Teeth,27.0,30
Present_Perm_Teeth,10.0,28
Present_Perm_Teeth,22.0,26
Present_Perm_Teeth,20.0,25
Present_Perm_Teeth,25.0,25
Present_Perm_Teeth,13.0,25
Present_Perm_Teeth,21.0,24
Present_Perm_Teeth,11.0,21
Present_Perm_Teeth,8.0,19
Present_Perm_Teeth,23.0,19
Present_Perm_Teeth,14.0,18
Present_Perm_Teeth,6.0,18
Present_Perm_Teeth,15.0,17
Present_Perm_Teeth,2.0,16
Present_Perm_Teeth,4.0,15
Present_Perm_Teeth,18.0,15
Present_Perm_Teeth,16.0,13
Present_Perm_Teeth,17.0,11
Present_Perm_Teeth,5.0,11
Present_Perm_Teeth,3.0,10
Present_Perm_Teeth,9.0,9
Present_Perm_Teeth,19.0,9
Present_Perm_Teeth,7.0,7
Present_Perm_Teeth,1.0,5
Present_Baby_Teeth,0.0,506
Present_Baby_Teeth,20.0,241
Present_Baby_Teeth,12.0,106
Present_Baby_Teeth,18.0,35
Present_Baby_Teeth,2.0,35
Present_Baby_Teeth,1.0,34
Present_Baby_Teeth,10.0,28
Present_Baby_Teeth,3.0,28
Present_Baby_Teeth,16.0,27
Present_Baby_Teeth,4.0,26
Present_Baby_Teeth,11.0,24
Present_Baby_Teeth,14.0,24
Present_Baby_Teeth,8.0,20
Present_Baby_Teeth,9.0,19
Present_Baby_Teeth,19.0,17
Present_Baby_Teeth,15.0,14
Present_Baby_Teeth,6.0,12
Present_Baby_Teeth,5.0,11
Present_Baby_Teeth,7.0,10
Present_Baby_Teeth,17.0,10
Present_Baby_Teeth,13.0,8
Healthy_Rate,100.0,677
Healthy_Rate,75.0,31
Healthy_Rate,96.4,31
Healthy_Rate,92.9,30
Healthy_Rate,91.7,29
Healthy_Rate,95.8,27
Healthy_Rate,89.3,23
Healthy_Rate,90.0,17
Healthy_Rate,79.2,16
Healthy_Rate,78.6,15
Healthy_Rate,83.3,15
Healthy_Rate,71.4,14
Healthy_Rate,85.7,14
Healthy_Rate,95.0,12
Healthy_Rate,87.5,11
Healthy_Rate,80.0,11
Healthy_Rate,92.0,10
Healthy_Rate,87.0,9
Healthy_Rate,66.7,9
Healthy_Rate,85.0,8
Healthy_Rate,96.0,8
Healthy_Rate,82.1,8
Healthy_Rate,70.8,7
Healthy_Rate,88.0,7
Healthy_Rate,64.3,7
Healthy_Rate,95.7,7
Healthy_Rate,92.3,6
Healthy_Rate,95.2,6
Healthy_Rate,92.6,6
Healthy_Rate,50.0,5
Healthy_Rate,78.9,5
Healthy_Rate,90.9,5
Healthy_Rate,96.2,5
Healthy_Rate,53.6,5
Healthy_Rate,95.5,4
Healthy_Rate,55.0,4
Healthy_Rate,90.5,4
Healthy_Rate,60.0,4
Healthy_Rate,73.9,4
Healthy_Rate,78.3,4
Healthy_Rate,70.0,4
Healthy_Rate,82.6,4
Healthy_Rate,91.3,3
Healthy_Rate,62.5,3
Healthy_Rate,84.0,3
Healthy_Rate,88.9,3
Healthy_Rate,88.5,3
Healthy_Rate,30.0,3
Healthy_Rate,81.8,3
Healthy_Rate,76.9,3
Healthy_Rate,56.5,3
Healthy_Rate,84.2,3
Healthy_Rate,86.4,3
Healthy_Rate,40.0,3
Healthy_Rate,60.7,3
Healthy_Rate,96.3,2
Healthy_Rate,72.7,2
Healthy_Rate,60.9,2
Healthy_Rate,45.0,2
Healthy_Rate,64.7,2
Healthy_Rate,77.3,2
Healthy_Rate,73.7,2
Healthy_Rate,57.1,2
Healthy_Rate,20.0,2
Healthy_Rate,45.8,2
Healthy_Rate,57.7,2
Healthy_Rate,96.6,2
Healthy_Rate,65.0,2
Healthy_Rate,67.9,2
Healthy_Rate,81.0,2
Healthy_Rate,46.4,2
Healthy_Rate,54.2,2
Healthy_Rate,65.2,2
Healthy_Rate,68.0,1
Healthy_Rate,43.5,1
Healthy_Rate,33.3,1
Healthy_Rate,84.6,1
Healthy_Rate,47.6,1
Healthy_Rate,56.0,1
Healthy_Rate,15.0,1
Healthy_Rate,68.2,1
Healthy_Rate,51.9,1
Healthy_Rate,94.4,1
Healthy_Rate,35.7,1
Healthy_Rate,16.7,1
Healthy_Rate,94.7,1
Healthy_Rate,61.9,1
Healthy_Rate,39.1,1
Healthy_Rate,65.4,1
Healthy_Rate,28.6,1
Healthy_Rate,58.3,1
Healthy_Rate,82.8,1
Healthy_Rate,41.2,1
Healthy_Rate,47.8,1
Healthy_Rate,20.8,1
Healthy_Rate,89.7,1
Healthy_Rate,85.2,1
Healthy_Rate,93.8,1
Healthy_Rate,69.6,1
Healthy_Rate,77.8,1
Healthy_Rate,68.8,1
Healthy_Rate,48.1,1
Healthy_Rate,42.9,1
Healthy_Rate,44.4,1
Healthy_Rate,52.6,1
C0_Count,0.0,1075
C0_Count,1.0,65
C0_Count,2.0,42
C0_Count,4.0,16
C0_Count,3.0,12
C0_Count,5.0,8
C0_Count,7.0,6
C0_Count,8.0,5
C0_Count,6.0,3
C0_Count,9.0,1
C0_Count,10.0,1
C0_Count,12.0,1
Care_Index,,719
Care_Index,0.0,192
Care_Index,100.0,157
Care_Index,50.0,40
Care_Index,33.3,22
Care_Index,66.7,15
Care_Index,25.0,11
Care_Index,75.0,7
Care_Index,80.0,7
Care_Index,16.7,5
Care_Index,83.3,5
Care_Index,60.0,5
Care_Index,37.5,4
Care_Index,40.0,3
Care_Index,88.9,3
Care_Index,87.5,3
Care_Index,20.0,3
Care_Index,30.0,3
Care_Index,57.1,2
Care_Index,90.9,2
Care_Index,85.7,2
Care_Index,11.1,2
Care_Index,71.4,2
Care_Index,7.7,2
Care_Index,70.0,2
Care_Index,76.9,1
Care_Index,61.5,1
Care_Index,77.8,1
Care_Index,18.2,1
Care_Index,14.3,1
Care_Index,35.3,1
Care_Index,12.5,1
Care_Index,23.5,1
Care_Index,27.3,1
Care_Index,62.5,1
Care_Index,54.5,1
Care_Index,7.1,1
Care_Index,44.4,1
Care_Index,90.0,1
Care_Index,94.4,1
Care_Index,22.2,1
Care_Index,26.7,1
Trauma_Count,0.0,1235
RDT_Count,0.0,1199
RDT_Count,1.0,31
RDT_Count,2.0,5
UTN_Score,0.0,879
UTN_Score,100.0,189
UTN_Score,50.0,40
UTN_Score,66.7,22
UTN_Score,33.3,15
UTN_Score,75.0,11
UTN_Score,20.0,7
UTN_Score,25.0,7
UTN_Score,83.3,5
UTN_Score,40.0,5
UTN_Score,16.7,5
UTN_Score,62.5,4
UTN_Score,70.0,3
UTN_Score,12.5,3
UTN_Score,11.1,3
UTN_Score,60.0,3
UTN_Score,14.3,2
UTN_Score,9.1,2
UTN_Score,80.0,2
UTN_Score,77.8,2
UTN_Score,28.6,2
UTN_Score,30.0,2
UTN_Score,88.9,2
UTN_Score,42.9,2
UTN_Score,37.5,1
UTN_Score,91.7,1
UTN_Score,22.2,1
UTN_Score,81.8,1
UTN_Score,85.7,1
UTN_Score,64.7,1
UTN_Score,87.5,1
UTN_Score,76.5,1
UTN_Score,38.5,1
UTN_Score,45.5,1
UTN_Score,92.3,1
UTN_Score,72.7,1
UTN_Score,92.9,1
UTN_Score,5.6,1
UTN_Score,55.6,1
UTN_Score,10.0,1
UTN_Score,23.1,1
UTN_Score,73.3,1
life_stage,Middle Childhood,498
life_stage,Adolescence,493
life_stage,Early Childhood,244
